<?xml version="1.0" encoding="UTF-8"?>
<project basedir=".." name="Blu-ray_Disc_Java_Project">
    <property file="nbproject/nbjdk.properties"/>
    <property location="${netbeans.user}/build.properties" name="user.properties.file"/>
    <property file="${user.properties.file}"/>
    <import file="jdk.xml"/>
    <target depends="-jdk-init" name="deploy">
        <ant inheritall="false" target="deploy"/>
    </target>
    <target depends="-jdk-init" name="clean">
        <ant inheritall="false" target="clean"/>
    </target>
    <target depends="-jdk-init" name="run">
        <ant inheritall="false" target="run"/>
    </target>
</project>
